{"cameraMode":{"drawMode":0,"name":"Shaded","section":"Shading Mode"},"sceneLighting":true,"audioPlay":false,"sceneViewState":{"m_AlwaysRefresh":false,"showFog":true,"showSkybox":true,"showFlares":true,"showImageEffects":true,"showParticleSystems":true,"showVisualEffectGraphs":true,"m_FxEnabled":true},"in2DMode":false,"pivot":{"x":24.02333641052246,"y":30.968185424804689,"z":4.535266399383545},"rotation":{"x":-0.005644449032843113,"y":0.9745022058486939,"z":-0.2242608517408371,"w":-0.02229948528110981},"size":22.433021545410158,"orthographic":true}